floors,sqft_living,bedrooms,bathrooms,location,price
1,1857,2,2,Delhi,4291316
3,2663,5,5,Noida,6014257
3,4773,6,1,Gurgaon,10610776
2,1077,1,5,Delhi,2927853
2,2043,4,5,Noida,4774158
3,2874,1,1,Gurgaon,6501253
2,2246,1,3,Delhi,5177084
2,3266,6,4,Gurgaon,7586590
2,1656,4,3,Noida,3994356
1,1205,1,2,Noida,2779462
3,3732,2,5,Noida,7941028
2,1035,5,5,Delhi,2947572
2,3770,6,2,Delhi,8435471
1,2418,2,1,Delhi,5541581
3,4053,6,4,Delhi,8937053
1,2375,3,2,Gurgaon,5630876
3,525,3,3,Noida,1502840
2,1585,1,4,Delhi,3746989
2,2652,3,4,Noida,5775349
3,2379,6,3,Delhi,5555085
1,4879,1,5,Noida,10280120
1,3034,2,5,Gurgaon,7060319
2,1475,3,3,Noida,3525951
2,3518,6,5,Gurgaon,8148974
2,2054,3,5,Gurgaon,5094544
1,3039,3,1,Delhi,6848755
2,2178,6,5,Gurgaon,5597474
1,3010,5,1,Noida,6693787
3,3012,1,2,Noida,6415992
3,4116,4,3,Delhi,9074851
1,4745,1,4,Noida,10015240
3,992,6,5,Gurgaon,3169032
3,3805,2,5,Delhi,8349122
1,2466,1,3,Gurgaon,5829544
1,4930,6,1,Noida,10436410
3,3514,6,2,Delhi,7947726
1,4879,6,1,Noida,10342701
1,3340,4,5,Delhi,7579610
2,2384,2,4,Delhi,5495879
3,4280,6,3,Gurgaon,9672372
2,3998,5,1,Gurgaon,8977529
2,2620,4,1,Delhi,6031731
2,1101,5,2,Delhi,3060460
1,3139,3,3,Delhi,7085193
2,4940,6,2,Gurgaon,11036522
3,3041,3,4,Delhi,6914655
1,2097,5,5,Noida,4868646
2,1008,6,1,Delhi,2782233
1,3012,6,3,Gurgaon,7143680
2,2452,5,1,Delhi,5684182
3,4010,6,2,Noida,8717783
1,3989,2,5,Delhi,8811528
1,3005,5,5,Delhi,6819077
1,1711,5,1,Delhi,4166439
3,4988,3,5,Gurgaon,11039620
2,4064,2,4,Delhi,8778041
2,3089,4,1,Delhi,6992475
3,1338,1,3,Gurgaon,3512176
1,4286,6,1,Gurgaon,9639149
1,3537,4,4,Noida,7628143
3,3880,1,3,Gurgaon,8649280
1,3775,3,5,Noida,8142036
2,1938,1,5,Noida,4385684
3,3992,1,2,Delhi,8552262
2,1041,3,1,Gurgaon,2975015
3,4629,1,2,Delhi,9883963
3,3435,2,1,Gurgaon,7792688
1,1540,3,2,Noida,3685542
3,909,1,2,Delhi,2492321
2,2505,6,5,Gurgaon,6093632
2,4176,6,2,Noida,8977980
3,4221,1,3,Noida,8921574
2,4693,4,1,Gurgaon,10332357
3,3173,2,2,Gurgaon,7132203
1,2088,6,4,Gurgaon,5330187
3,2664,6,2,Gurgaon,6334853
3,4261,1,5,Noida,9049361
3,3737,1,2,Gurgaon,8293678
3,2597,1,1,Gurgaon,6017495
3,1868,1,5,Gurgaon,4719442
3,3408,2,2,Delhi,7537443
3,4138,6,1,Delhi,9122218
2,3719,5,2,Noida,8073444
1,1517,2,1,Noida,3384141
1,3444,2,2,Gurgaon,7746956
2,4024,2,5,Gurgaon,9059212
2,660,1,2,Gurgaon,2155643
2,4354,6,2,Delhi,9619648
2,1787,5,1,Gurgaon,4632766
2,3425,5,2,Noida,7367174
3,2932,1,1,Delhi,6389249
3,4539,6,3,Gurgaon,10196063
2,4648,2,5,Gurgaon,10296913
2,597,5,1,Noida,1867950
1,1929,6,5,Delhi,4857499
2,3373,5,3,Delhi,7592890
1,3516,1,5,Gurgaon,7927412
2,1559,5,3,Gurgaon,4142932
3,4829,5,5,Noida,10275651
1,4794,4,3,Noida,10158061
3,1971,1,2,Gurgaon,4746832
2,1208,3,5,Noida,3008858
3,4425,3,4,Gurgaon,9854870
1,4538,4,2,Gurgaon,10046141
2,2079,3,5,Noida,4718182
2,3877,3,5,Gurgaon,8800923
1,4429,5,3,Noida,9561229
3,1281,3,2,Gurgaon,3498679
3,4233,3,1,Noida,8887316
3,1241,6,4,Delhi,3372672
3,1529,4,4,Delhi,3940258
2,3425,1,2,Noida,7335360
3,4941,1,1,Noida,10250930
1,1290,2,2,Noida,3138040
3,1453,5,5,Gurgaon,4070543
3,1854,1,5,Gurgaon,4547235
1,2444,5,5,Gurgaon,5991280
2,2987,5,2,Gurgaon,7049607
3,2591,6,2,Delhi,6122931
1,808,6,1,Noida,2223684
2,3595,4,2,Gurgaon,8242494
3,2710,1,3,Gurgaon,6240845
2,3169,6,2,Noida,6934989
1,4018,2,4,Gurgaon,8912091
2,3692,1,5,Gurgaon,8339678
3,2972,3,5,Gurgaon,6936210
3,4121,6,1,Gurgaon,9276830
3,901,3,2,Gurgaon,2803366
2,4213,5,1,Noida,9024508
1,743,4,1,Gurgaon,2429179
2,2439,3,3,Noida,5361334
2,680,2,1,Noida,1809411
1,2723,1,3,Noida,5794917
3,1513,2,1,Delhi,3690610
1,4171,3,2,Gurgaon,9158842
2,4865,3,1,Gurgaon,10694456
2,1328,2,3,Noida,3096419
3,2582,6,4,Delhi,6114168
3,4310,4,1,Delhi,9354372
3,941,4,1,Gurgaon,2773965
2,4577,3,4,Noida,9756454
3,1438,5,4,Gurgaon,3993721
1,580,6,1,Gurgaon,2223104
3,2341,6,3,Noida,5434105
3,3090,6,2,Delhi,7095037
2,4218,4,5,Gurgaon,9568523
2,4341,4,3,Noida,9275894
1,532,6,4,Gurgaon,2251559
1,1029,4,1,Delhi,2842921
2,2266,2,2,Noida,4964327
2,2881,1,4,Delhi,6471926
2,3607,1,2,Gurgaon,7957156
2,929,3,1,Delhi,2632586
2,1211,5,5,Delhi,3378453
2,4726,1,4,Noida,9980948
3,1356,1,2,Noida,3106237
1,4812,2,4,Gurgaon,10579838
2,2782,6,1,Gurgaon,6567061
1,1300,5,3,Gurgaon,3559875
3,2192,3,3,Noida,4843764
1,2459,3,4,Noida,5471848
1,4129,3,4,Delhi,9109684
3,2328,4,2,Noida,5170771
3,4632,3,2,Delhi,9965597
2,3523,1,4,Noida,7614905
2,1513,4,2,Gurgaon,4014283
3,1392,5,4,Delhi,3694642
3,1967,1,1,Delhi,4419899
2,1454,3,4,Gurgaon,3894983
3,826,3,2,Delhi,2345600
1,4847,6,2,Gurgaon,10767089
1,1487,3,4,Noida,3569286
3,4599,2,3,Gurgaon,10027167
3,3466,6,3,Noida,7655327
2,2531,4,2,Delhi,5901276
1,3328,5,1,Noida,7296805
2,4715,6,1,Noida,10063410
3,2959,1,4,Gurgaon,6814283
3,3020,3,4,Gurgaon,7075568
1,3451,3,4,Delhi,7585874
3,2071,3,4,Noida,4677070
2,3374,6,3,Gurgaon,7841243
3,1713,1,4,Delhi,4100997
2,4742,4,4,Noida,10053036
1,4345,5,4,Gurgaon,9697486
2,4231,1,3,Gurgaon,9213712
1,3627,5,1,Delhi,7937038
2,4703,2,3,Gurgaon,10367228
2,4426,6,3,Noida,9558054
1,2287,4,2,Noida,5116738
1,2340,2,5,Noida,5173800
1,4747,4,4,Gurgaon,10599242
3,1628,2,2,Noida,3781700
3,4003,2,1,Gurgaon,8935934
1,4294,3,5,Noida,9151880
2,3449,5,4,Gurgaon,7868399
2,3852,2,3,Noida,8147069
2,2464,2,5,Gurgaon,5932783
1,2106,4,2,Gurgaon,5223787
1,1989,3,5,Noida,4583263
1,580,1,3,Gurgaon,2064408
1,3339,6,3,Gurgaon,7801998
3,3301,1,5,Gurgaon,7548878
2,963,5,2,Noida,2597924
1,2190,6,1,Noida,5091702
2,4793,5,5,Noida,10249922
2,3183,3,4,Noida,6848355
2,1520,2,3,Gurgaon,3848850
3,3534,1,3,Gurgaon,7809894
3,3982,6,3,Delhi,8785424
1,2914,4,3,Delhi,6546402
2,1230,4,3,Delhi,3329521
1,2324,5,4,Noida,5304439
2,3507,4,4,Gurgaon,7938879
2,4052,1,5,Delhi,8880937
2,4727,1,1,Gurgaon,10187972
3,818,4,2,Noida,2225052
3,4519,3,3,Gurgaon,9993438
1,1464,3,1,Noida,3403895
1,4379,2,1,Delhi,9436447
3,2657,6,1,Delhi,6189981
3,2757,2,3,Noida,5994174
3,2091,2,1,Gurgaon,5082132
1,512,6,4,Noida,1690123
2,4953,2,3,Delhi,10621161
2,4559,1,1,Gurgaon,9945165
3,4610,3,1,Noida,9637048
3,1971,6,2,Noida,4593022
2,1645,6,5,Delhi,4254223
2,1805,3,1,Gurgaon,4509095
2,2803,2,4,Noida,6177630
1,1668,2,4,Gurgaon,4302986
1,853,2,2,Delhi,2444883
1,3706,3,3,Noida,8040567
2,1728,3,4,Delhi,4154852
2,893,2,4,Delhi,2482784
3,3827,1,1,Delhi,8149332
1,4266,2,5,Gurgaon,9382931
1,4470,6,2,Delhi,9714987
1,1096,1,5,Delhi,2950011
2,4570,5,4,Delhi,10109873
2,2467,2,1,Delhi,5469987
2,1427,1,4,Delhi,3586382
3,3636,2,5,Delhi,8045245
1,3511,5,5,Delhi,7897391
1,4625,1,4,Delhi,9911416
2,1735,3,3,Delhi,4285749
1,554,6,1,Noida,1723893
1,3311,5,3,Noida,7311181
3,1034,1,1,Noida,2516045
1,1452,4,3,Noida,3414717
3,1083,5,4,Delhi,2964534
1,3118,4,1,Gurgaon,7067061
1,2143,2,4,Delhi,4995185
2,3739,5,3,Noida,8060162
1,3230,2,2,Gurgaon,7275445
2,2325,6,1,Noida,5275448
3,2249,6,5,Gurgaon,5630475
1,4413,3,5,Gurgaon,9852163
3,746,1,2,Noida,1920952
3,3687,5,2,Gurgaon,8416661
1,2330,2,1,Gurgaon,5405814
3,3783,1,3,Delhi,8134214
1,1383,2,5,Noida,3385609
1,4892,4,3,Gurgaon,10718956
2,3625,4,1,Noida,7740263
1,2271,1,5,Noida,4958163
2,2883,2,5,Delhi,6452630
3,846,1,3,Noida,2102700
1,2826,2,2,Delhi,6249900
3,805,4,3,Gurgaon,2589027
1,3528,3,3,Gurgaon,8039055
2,3609,4,2,Delhi,7936227
2,4148,1,5,Delhi,8949237
1,1537,4,3,Noida,3675712
1,1721,4,3,Delhi,4323655
3,4717,6,5,Delhi,10468540
1,4441,6,3,Noida,9578127
2,4653,3,4,Delhi,10027061
2,1085,4,1,Delhi,2982071
1,3204,4,1,Gurgaon,7267750
1,2002,1,3,Gurgaon,4909117
3,2715,6,5,Noida,6151580
2,4445,2,2,Noida,9448892
2,2822,6,1,Delhi,6390900
2,4496,1,2,Noida,9322717
2,1838,5,1,Gurgaon,4648775
1,2417,3,1,Noida,5404635
1,2041,4,3,Gurgaon,5021980
3,597,4,2,Delhi,2013915
1,3787,1,1,Noida,8029288
3,3153,6,4,Delhi,7183405
2,4857,1,3,Gurgaon,10522733
1,2746,6,1,Delhi,6359422
3,1552,4,4,Noida,3710051
1,2445,4,4,Delhi,5799904
3,2510,2,3,Noida,5474300
1,1692,5,5,Delhi,4230490
2,4465,5,3,Delhi,9717323
2,1266,1,1,Noida,2947052
